{"cameraMode":{"drawMode":0,"name":"Shaded","section":"Shading Mode"},"sceneLighting":false,"audioPlay":false,"sceneViewState":{"showFog":true,"showMaterialUpdate":true,"showSkybox":false,"showFlares":true,"showImageEffects":true,"showParticleSystems":true},"in2DMode":false,"pivot":{"x":-13.6414794921875,"y":13.910117149353028,"z":18.332075119018556},"rotation":{"x":-0.13861912488937379,"y":-0.5428096055984497,"z":0.09139518439769745,"w":-0.8232804536819458},"size":2.666025161743164,"orthographic":false}