{"cameraMode":{"drawMode":0,"name":"Shaded","section":"Shading Mode"},"sceneLighting":false,"audioPlay":false,"sceneViewState":{"showFog":true,"showMaterialUpdate":true,"showSkybox":false,"showFlares":true,"showImageEffects":true,"showParticleSystems":true},"in2DMode":false,"pivot":{"x":-31.969999313354493,"y":3.4501256942749025,"z":3.9244112968444826},"rotation":{"x":0.12373388558626175,"y":-0.22854149341583253,"z":0.029297802597284318,"w":0.9651960134506226},"size":1.9877779483795167,"orthographic":false}