{"cameraMode":{"drawMode":0,"name":"Shaded","section":"Shading Mode"},"sceneLighting":false,"audioPlay":false,"sceneViewState":{"showFog":true,"showMaterialUpdate":true,"showSkybox":false,"showFlares":true,"showImageEffects":true,"showParticleSystems":true},"in2DMode":false,"pivot":{"x":4.484286785125732,"y":-3.1903889179229738,"z":4.163832187652588},"rotation":{"x":0.21958574652671815,"y":0.384724497795105,"z":-0.09476044028997421,"w":0.8915123343467712},"size":3.7406094074249269,"orthographic":false}