{"cameraMode":{"drawMode":0,"name":"Shaded","section":"Shading Mode"},"sceneLighting":false,"audioPlay":false,"sceneViewState":{"showFog":true,"showMaterialUpdate":true,"showSkybox":false,"showFlares":true,"showImageEffects":true,"showParticleSystems":true},"in2DMode":false,"pivot":{"x":-31.969999313354493,"y":3.398193836212158,"z":3.8426899909973146},"rotation":{"x":0.2969523072242737,"y":-0.002865074435248971,"z":0.0008907312294468284,"w":0.9548889398574829},"size":3.7566158771514894,"orthographic":false}