{"cameraMode":{"drawMode":0,"name":"Shaded","section":"Shading Mode"},"sceneLighting":false,"audioPlay":false,"sceneViewState":{"showFog":true,"showMaterialUpdate":true,"showSkybox":false,"showFlares":true,"showImageEffects":true,"showParticleSystems":true},"in2DMode":false,"pivot":{"x":-0.09672439098358154,"y":3.7629456520080568,"z":-0.001079857349395752},"rotation":{"x":0.2983820140361786,"y":-0.004294981248676777,"z":0.001342741190455854,"w":0.9544362425804138},"size":2.203998327255249,"orthographic":false}