{"cameraMode":{"drawMode":0,"name":"Shaded","section":"Shading Mode"},"sceneLighting":false,"audioPlay":false,"sceneViewState":{"showFog":true,"showMaterialUpdate":true,"showSkybox":false,"showFlares":true,"showImageEffects":true,"showParticleSystems":true},"in2DMode":false,"pivot":{"x":0.44418084621429446,"y":3.2415170669555666,"z":7.690903663635254},"rotation":{"x":0.13295994699001313,"y":-0.04606964811682701,"z":0.0061871143989264969,"w":0.9900307655334473},"size":2.6685869693756105,"orthographic":false}