{"cameraMode":{"drawMode":0,"name":"Shaded","section":"Shading Mode"},"sceneLighting":false,"audioPlay":false,"sceneViewState":{"showFog":true,"showMaterialUpdate":true,"showSkybox":false,"showFlares":true,"showImageEffects":true,"showParticleSystems":true},"in2DMode":false,"pivot":{"x":-31.942903518676759,"y":3.658755302429199,"z":3.9244115352630617},"rotation":{"x":0.18195557594299317,"y":-0.01622365415096283,"z":0.003002564189955592,"w":0.9831684231758118},"size":1.7821106910705567,"orthographic":false}